Order ID,Date,Customer,Region,Product,Qty,Unit price (EUR),Net amount (EUR)
SO-70042,2025-01-01,Hôtel Meuse Palace,Wallonia,Capsules box 100,23,38.00,874.00
SO-70010,2025-01-02,Brasserie De Klok,Brussels,Espresso beans 1kg,7,24.90,174.30
SO-70045,2025-01-02,Bureaux Namur Centre,Wallonia,Machine rental (month),1,145.00,145.00
SO-70020,2025-01-03,Bistro Oude Markt,Flanders,Filter coffee 1kg,5,19.50,97.50
SO-70023,2025-01-03,Vergaderzalen Linde,Brussels,Filter coffee 1kg,28,19.50,546.00
SO-70031,2025-01-04,Café Noord BV,Flanders,Capsules box 100,52,38.00,1976.00
SO-70033,2025-01-04,Café Noord BV,Flanders,Filter coffee 1kg,49,19.50,955.50
SO-70005,2025-01-05,Kantoorpark Zuid NV,Flanders,Capsules box 100,23,38.00,874.00
SO-70003,2025-01-06,Grand Hotel Scheldezicht,Flanders,Filter coffee 1kg,16,19.50,312.00
SO-70009,2025-01-06,Hotel Ter Aa,Flanders,Filter coffee 1kg,45,19.50,877.50
SO-70036,2025-01-07,Kantoren Meir Plaza,Flanders,Filter coffee 1kg,39,19.50,760.50
SO-70011,2025-01-08,Brasserie De Klok,Brussels,Capsules box 100,16,38.00,608.00
SO-70032,2025-01-08,Café Noord BV,Flanders,Espresso beans 1kg,12,24.90,298.80
SO-70019,2025-01-10,Bistro Oude Markt,Flanders,Capsules box 100,36,38.00,1368.00
SO-70022,2025-01-10,Vergaderzalen Linde,Brussels,Espresso beans 1kg,58,24.90,1444.20
SO-70030,2025-01-10,Hôtel des Ardennes,Wallonia,Machine rental (month),1,145.00,145.00
SO-70029,2025-01-11,Hôtel des Ardennes,Wallonia,Capsules box 100,21,38.00,798.00
SO-70038,2025-01-13,Brasserie Sablon,Brussels,Capsules box 100,45,38.00,1710.00
SO-70039,2025-01-13,Brasserie Sablon,Brussels,Espresso beans 1kg,11,24.90,273.90
SO-70017,2025-01-14,Co-work Dok,Flanders,Capsules box 100,21,38.00,798.00
SO-70027,2025-01-14,Restaurant Veldzicht,Wallonia,Capsules box 100,29,38.00,1102.00
SO-70037,2025-01-14,Brasserie Sablon,Brussels,Machine rental (month),2,145.00,290.00
SO-70004,2025-01-15,Kantoorpark Zuid NV,Flanders,Machine rental (month),1,145.00,145.00
SO-70015,2025-01-16,Hotel Aurelia,Brussels,Capsules box 100,22,38.00,836.00
SO-70025,2025-01-16,Restaurant Veldzicht,Wallonia,Espresso beans 1kg,7,24.90,174.30
SO-70034,2025-01-16,Kantoren Meir Plaza,Flanders,Espresso beans 1kg,55,24.90,1369.50
SO-70001,2025-01-17,Grand Hotel Scheldezicht,Flanders,Machine rental (month),4,145.00,580.00
SO-70013,2025-01-17,Hotel Aurelia,Brussels,Machine rental (month),2,145.00,290.00
SO-70006,2025-01-18,Kantoorpark Zuid NV,Flanders,Espresso beans 1kg,9,24.90,224.10
SO-70002,2025-01-19,Grand Hotel Scheldezicht,Flanders,Capsules box 100,58,38.00,2204.00
SO-70041,2025-01-19,Hôtel Meuse Palace,Wallonia,Espresso beans 1kg,55,24.90,1369.50
SO-70044,2025-01-19,Bureaux Namur Centre,Wallonia,Espresso beans 1kg,45,24.90,1120.50
SO-70008,2025-01-20,Hotel Ter Aa,Flanders,Capsules box 100,51,38.00,1938.00
SO-70043,2025-01-20,Bureaux Namur Centre,Wallonia,Filter coffee 1kg,58,19.50,1131.00
SO-70007,2025-01-21,Hotel Ter Aa,Flanders,Espresso beans 1kg,32,24.90,796.80
SO-70014,2025-01-21,Hotel Aurelia,Brussels,Filter coffee 1kg,18,19.50,351.00
SO-70016,2025-01-21,Co-work Dok,Flanders,Espresso beans 1kg,33,24.90,821.70
SO-70028,2025-01-22,Hôtel des Ardennes,Wallonia,Espresso beans 1kg,53,24.90,1319.70
SO-70035,2025-01-22,Kantoren Meir Plaza,Flanders,Machine rental (month),2,145.00,290.00
SO-70018,2025-01-23,Co-work Dok,Flanders,Machine rental (month),1,145.00,145.00
SO-70026,2025-01-23,Restaurant Veldzicht,Wallonia,Machine rental (month),4,145.00,580.00
SO-70012,2025-01-25,Brasserie De Klok,Brussels,Machine rental (month),1,145.00,145.00
SO-70021,2025-01-25,Bistro Oude Markt,Flanders,Espresso beans 1kg,40,24.90,996.00
SO-70024,2025-01-28,Vergaderzalen Linde,Brussels,Machine rental (month),1,145.00,145.00
SO-70040,2025-01-28,Hôtel Meuse Palace,Wallonia,Machine rental (month),3,145.00,435.00
SO-70046,2025-02-01,Grand Hotel Scheldezicht,Flanders,Filter coffee 1kg,20,19.50,390.00
SO-70061,2025-02-02,Co-work Dok,Flanders,Machine rental (month),4,145.00,580.00
SO-70080,2025-02-02,Kantoren Meir Plaza,Flanders,Machine rental (month),3,145.00,435.00
SO-70049,2025-02-03,Kantoorpark Zuid NV,Flanders,Capsules box 100,8,38.00,304.00
SO-70071,2025-02-03,Restaurant Veldzicht,Wallonia,Filter coffee 1kg,5,19.50,97.50
SO-70084,2025-02-03,Brasserie Sablon,Brussels,Machine rental (month),1,145.00,145.00
SO-70062,2025-02-04,Co-work Dok,Flanders,Filter coffee 1kg,10,19.50,195.00
SO-70053,2025-02-05,Hotel Ter Aa,Flanders,Capsules box 100,33,38.00,1254.00
SO-70055,2025-02-05,Brasserie De Klok,Brussels,Filter coffee 1kg,44,19.50,858.00
SO-70083,2025-02-05,Brasserie Sablon,Brussels,Filter coffee 1kg,24,19.50,468.00
SO-70073,2025-02-06,Hôtel des Ardennes,Wallonia,Machine rental (month),1,145.00,145.00
SO-70051,2025-02-08,Kantoorpark Zuid NV,Flanders,Espresso beans 1kg,44,24.90,1095.60
SO-70056,2025-02-08,Brasserie De Klok,Brussels,Machine rental (month),3,145.00,435.00
SO-70067,2025-02-08,Vergaderzalen Linde,Brussels,Filter coffee 1kg,12,19.50,234.00
SO-70066,2025-02-10,Bistro Oude Markt,Flanders,Filter coffee 1kg,35,19.50,682.50
SO-70082,2025-02-10,Brasserie Sablon,Brussels,Espresso beans 1kg,50,24.90,1245.00
SO-70074,2025-02-12,Hôtel des Ardennes,Wallonia,Espresso beans 1kg,22,24.90,547.80
SO-70064,2025-02-14,Bistro Oude Markt,Flanders,Capsules box 100,20,38.00,760.00
SO-70072,2025-02-14,Restaurant Veldzicht,Wallonia,Machine rental (month),3,145.00,435.00
SO-70090,2025-02-14,Bureaux Namur Centre,Wallonia,Espresso beans 1kg,58,24.90,1444.20
SO-70076,2025-02-15,Café Noord BV,Flanders,Filter coffee 1kg,12,19.50,234.00
SO-70054,2025-02-16,Hotel Ter Aa,Flanders,Filter coffee 1kg,41,19.50,799.50
SO-70088,2025-02-16,Bureaux Namur Centre,Wallonia,Capsules box 100,47,38.00,1786.00
SO-70063,2025-02-17,Co-work Dok,Flanders,Espresso beans 1kg,6,24.90,149.40
SO-70059,2025-02-18,Hotel Aurelia,Brussels,Capsules box 100,44,38.00,1672.00
SO-70068,2025-02-18,Vergaderzalen Linde,Brussels,Capsules box 100,34,38.00,1292.00
SO-70050,2025-02-19,Kantoorpark Zuid NV,Flanders,Filter coffee 1kg,17,19.50,331.50
SO-70075,2025-02-19,Hôtel des Ardennes,Wallonia,Capsules box 100,37,38.00,1406.00
SO-70078,2025-02-19,Café Noord BV,Flanders,Machine rental (month),2,145.00,290.00
SO-70047,2025-02-20,Grand Hotel Scheldezicht,Flanders,Espresso beans 1kg,53,24.90,1319.70
SO-70052,2025-02-20,Hotel Ter Aa,Flanders,Espresso beans 1kg,27,24.90,672.30
SO-70057,2025-02-20,Brasserie De Klok,Brussels,Espresso beans 1kg,56,24.90,1394.40
SO-70065,2025-02-20,Bistro Oude Markt,Flanders,Espresso beans 1kg,56,24.90,1394.40
SO-70081,2025-02-20,Kantoren Meir Plaza,Flanders,Filter coffee 1kg,5,19.50,97.50
SO-70060,2025-02-22,Hotel Aurelia,Brussels,Espresso beans 1kg,16,24.90,398.40
SO-70077,2025-02-22,Café Noord BV,Flanders,Espresso beans 1kg,25,24.90,622.50
SO-70079,2025-02-23,Kantoren Meir Plaza,Flanders,Espresso beans 1kg,26,24.90,647.40
SO-70086,2025-02-23,Hôtel Meuse Palace,Wallonia,Capsules box 100,51,38.00,1938.00
SO-70058,2025-02-24,Hotel Aurelia,Brussels,Filter coffee 1kg,14,19.50,273.00
SO-70070,2025-02-24,Restaurant Veldzicht,Wallonia,Espresso beans 1kg,17,24.90,423.30
SO-70085,2025-02-24,Hôtel Meuse Palace,Wallonia,Machine rental (month),1,145.00,145.00
SO-70087,2025-02-26,Hôtel Meuse Palace,Wallonia,Filter coffee 1kg,12,19.50,234.00
SO-70048,2025-02-27,Grand Hotel Scheldezicht,Flanders,Machine rental (month),3,145.00,435.00
SO-70069,2025-02-28,Vergaderzalen Linde,Brussels,Espresso beans 1kg,45,24.90,1120.50
SO-70089,2025-02-28,Bureaux Namur Centre,Wallonia,Filter coffee 1kg,8,19.50,156.00
SO-70100,2025-03-01,Brasserie De Klok,Brussels,Espresso beans 1kg,34,24.90,846.60
SO-70134,2025-03-01,Bureaux Namur Centre,Wallonia,Espresso beans 1kg,49,24.90,1220.10
SO-70129,2025-03-02,Brasserie Sablon,Brussels,Capsules box 100,54,38.00,2052.00
SO-70132,2025-03-03,Hôtel Meuse Palace,Wallonia,Machine rental (month),3,145.00,435.00
SO-70094,2025-03-04,Kantoorpark Zuid NV,Flanders,Espresso beans 1kg,44,24.90,1095.60
SO-70116,2025-03-04,Restaurant Veldzicht,Wallonia,Capsules box 100,14,38.00,532.00
SO-70112,2025-03-05,Vergaderzalen Linde,Brussels,Filter coffee 1kg,17,19.50,331.50
SO-70128,2025-03-05,Brasserie Sablon,Brussels,Espresso beans 1kg,53,24.90,1319.70
SO-70133,2025-03-06,Bureaux Namur Centre,Wallonia,Filter coffee 1kg,20,19.50,390.00
SO-70105,2025-03-07,Hotel Aurelia,Brussels,Espresso beans 1kg,43,24.90,1070.70
SO-70110,2025-03-07,Bistro Oude Markt,Flanders,Capsules box 100,52,38.00,1976.00
SO-70106,2025-03-08,Co-work Dok,Flanders,Filter coffee 1kg,35,19.50,682.50
SO-70127,2025-03-08,Brasserie Sablon,Brussels,Machine rental (month),3,145.00,435.00
SO-70108,2025-03-09,Co-work Dok,Flanders,Capsules box 100,46,38.00,1748.00
SO-70121,2025-03-09,Café Noord BV,Flanders,Machine rental (month),1,145.00,145.00
SO-70103,2025-03-10,Hotel Aurelia,Brussels,Machine rental (month),3,145.00,435.00
SO-70096,2025-03-11,Kantoorpark Zuid NV,Flanders,Capsules box 100,50,38.00,1900.00
SO-70120,2025-03-11,Hôtel des Ardennes,Wallonia,Filter coffee 1kg,47,19.50,916.50
SO-70092,2025-03-13,Grand Hotel Scheldezicht,Flanders,Filter coffee 1kg,28,19.50,546.00
SO-70107,2025-03-13,Co-work Dok,Flanders,Machine rental (month),3,145.00,435.00
SO-70111,2025-03-13,Bistro Oude Markt,Flanders,Machine rental (month),2,145.00,290.00
SO-70126,2025-03-13,Kantoren Meir Plaza,Flanders,Filter coffee 1kg,12,19.50,234.00
SO-70095,2025-03-14,Kantoorpark Zuid NV,Flanders,Machine rental (month),3,145.00,435.00
SO-70097,2025-03-15,Hotel Ter Aa,Flanders,Machine rental (month),4,145.00,580.00
SO-70102,2025-03-16,Brasserie De Klok,Brussels,Machine rental (month),1,145.00,145.00
SO-70113,2025-03-16,Vergaderzalen Linde,Brussels,Capsules box 100,12,38.00,456.00
SO-70117,2025-03-16,Restaurant Veldzicht,Wallonia,Machine rental (month),4,145.00,580.00
SO-70119,2025-03-16,Hôtel des Ardennes,Wallonia,Espresso beans 1kg,37,24.90,921.30
SO-70099,2025-03-17,Hotel Ter Aa,Flanders,Filter coffee 1kg,9,19.50,175.50
SO-70098,2025-03-18,Hotel Ter Aa,Flanders,Capsules box 100,57,38.00,2166.00
SO-70130,2025-03-18,Hôtel Meuse Palace,Wallonia,Espresso beans 1kg,44,24.90,1095.60
SO-70135,2025-03-18,Bureaux Namur Centre,Wallonia,Machine rental (month),4,145.00,580.00
SO-70093,2025-03-20,Grand Hotel Scheldezicht,Flanders,Machine rental (month),1,145.00,145.00
SO-70122,2025-03-20,Café Noord BV,Flanders,Filter coffee 1kg,59,19.50,1150.50
SO-70118,2025-03-21,Hôtel des Ardennes,Wallonia,Capsules box 100,28,38.00,1064.00
SO-70124,2025-03-21,Kantoren Meir Plaza,Flanders,Capsules box 100,23,38.00,874.00
SO-70125,2025-03-21,Kantoren Meir Plaza,Flanders,Machine rental (month),1,145.00,145.00
SO-70131,2025-03-21,Hôtel Meuse Palace,Wallonia,Filter coffee 1kg,45,19.50,877.50
SO-70091,2025-03-22,Grand Hotel Scheldezicht,Flanders,Espresso beans 1kg,43,24.90,1070.70
SO-70104,2025-03-22,Hotel Aurelia,Brussels,Filter coffee 1kg,13,19.50,253.50
SO-70123,2025-03-22,Café Noord BV,Flanders,Espresso beans 1kg,6,24.90,149.40
SO-70101,2025-03-23,Brasserie De Klok,Brussels,Filter coffee 1kg,18,19.50,351.00
SO-70109,2025-03-26,Bistro Oude Markt,Flanders,Filter coffee 1kg,55,19.50,1072.50
SO-70114,2025-03-27,Vergaderzalen Linde,Brussels,Machine rental (month),3,145.00,435.00
SO-70115,2025-03-27,Restaurant Veldzicht,Wallonia,Espresso beans 1kg,21,24.90,522.90
SO-70155,2025-04-03,Bistro Oude Markt,Flanders,Filter coffee 1kg,59,19.50,1150.50
SO-70140,2025-04-05,Kantoorpark Zuid NV,Flanders,Machine rental (month),4,145.00,580.00
SO-70172,2025-04-06,Brasserie Sablon,Brussels,Espresso beans 1kg,48,24.90,1195.20
SO-70145,2025-04-07,Brasserie De Klok,Brussels,Capsules box 100,45,38.00,1710.00
SO-70147,2025-04-07,Brasserie De Klok,Brussels,Machine rental (month),1,145.00,145.00
SO-70178,2025-04-07,Bureaux Namur Centre,Wallonia,Machine rental (month),1,145.00,145.00
SO-70149,2025-04-09,Hotel Aurelia,Brussels,Machine rental (month),3,145.00,435.00
SO-70180,2025-04-09,Bureaux Namur Centre,Wallonia,Filter coffee 1kg,5,19.50,97.50
SO-70165,2025-04-10,Hôtel des Ardennes,Wallonia,Machine rental (month),2,145.00,290.00
SO-70176,2025-04-11,Hôtel Meuse Palace,Wallonia,Filter coffee 1kg,12,19.50,234.00
SO-70139,2025-04-14,Kantoorpark Zuid NV,Flanders,Filter coffee 1kg,9,19.50,175.50
SO-70167,2025-04-14,Café Noord BV,Flanders,Capsules box 100,16,38.00,608.00
SO-70174,2025-04-14,Brasserie Sablon,Brussels,Machine rental (month),4,145.00,580.00
SO-70141,2025-04-15,Kantoorpark Zuid NV,Flanders,Espresso beans 1kg,32,24.90,796.80
SO-70151,2025-04-15,Co-work Dok,Flanders,Espresso beans 1kg,6,24.90,149.40
SO-70160,2025-04-15,Restaurant Veldzicht,Wallonia,Machine rental (month),2,145.00,290.00
SO-70158,2025-04-16,Vergaderzalen Linde,Brussels,Machine rental (month),2,145.00,290.00
SO-70166,2025-04-16,Café Noord BV,Flanders,Filter coffee 1kg,40,19.50,780.00
SO-70175,2025-04-16,Hôtel Meuse Palace,Wallonia,Machine rental (month),4,145.00,580.00
SO-70138,2025-04-17,Grand Hotel Scheldezicht,Flanders,Capsules box 100,48,38.00,1824.00
SO-70144,2025-04-17,Hotel Ter Aa,Flanders,Espresso beans 1kg,60,24.90,1494.00
SO-70159,2025-04-17,Vergaderzalen Linde,Brussels,Filter coffee 1kg,13,19.50,253.50
SO-70168,2025-04-17,Café Noord BV,Flanders,Machine rental (month),1,145.00,145.00
SO-70170,2025-04-17,Kantoren Meir Plaza,Flanders,Capsules box 100,6,38.00,228.00
SO-70137,2025-04-18,Grand Hotel Scheldezicht,Flanders,Machine rental (month),3,145.00,435.00
SO-70142,2025-04-18,Hotel Ter Aa,Flanders,Filter coffee 1kg,28,19.50,546.00
SO-70148,2025-04-18,Hotel Aurelia,Brussels,Filter coffee 1kg,23,19.50,448.50
SO-70152,2025-04-18,Co-work Dok,Flanders,Filter coffee 1kg,25,19.50,487.50
SO-70161,2025-04-18,Restaurant Veldzicht,Wallonia,Filter coffee 1kg,37,19.50,721.50
SO-70169,2025-04-18,Kantoren Meir Plaza,Flanders,Espresso beans 1kg,5,24.90,124.50
SO-70171,2025-04-18,Kantoren Meir Plaza,Flanders,Filter coffee 1kg,29,19.50,565.50
SO-70173,2025-04-18,Brasserie Sablon,Brussels,Filter coffee 1kg,8,19.50,156.00
SO-70179,2025-04-20,Bureaux Namur Centre,Wallonia,Capsules box 100,30,38.00,1140.00
SO-70143,2025-04-21,Hotel Ter Aa,Flanders,Capsules box 100,40,38.00,1520.00
SO-70163,2025-04-22,Hôtel des Ardennes,Wallonia,Filter coffee 1kg,23,19.50,448.50
SO-70146,2025-04-24,Brasserie De Klok,Brussels,Filter coffee 1kg,10,19.50,195.00
SO-70136,2025-04-25,Grand Hotel Scheldezicht,Flanders,Espresso beans 1kg,21,24.90,522.90
SO-70153,2025-04-25,Co-work Dok,Flanders,Machine rental (month),4,145.00,580.00
SO-70154,2025-04-26,Bistro Oude Markt,Flanders,Capsules box 100,17,38.00,646.00
SO-70156,2025-04-26,Bistro Oude Markt,Flanders,Espresso beans 1kg,31,24.90,771.90
SO-70157,2025-04-26,Vergaderzalen Linde,Brussels,Espresso beans 1kg,47,24.90,1170.30
SO-70162,2025-04-27,Restaurant Veldzicht,Wallonia,Espresso beans 1kg,22,24.90,547.80
SO-70177,2025-04-27,Hôtel Meuse Palace,Wallonia,Espresso beans 1kg,31,24.90,771.90
SO-70150,2025-04-28,Hotel Aurelia,Brussels,Espresso beans 1kg,49,24.90,1220.10
SO-70164,2025-04-28,Hôtel des Ardennes,Wallonia,Capsules box 100,28,38.00,1064.00
SO-70217,2025-05-02,Brasserie Sablon,Brussels,Capsules box 100,41,38.00,1558.00
SO-70210,2025-05-03,Hôtel des Ardennes,Wallonia,Filter coffee 1kg,55,19.50,1072.50
SO-70219,2025-05-03,Brasserie Sablon,Brussels,Espresso beans 1kg,33,24.90,821.70
SO-70185,2025-05-04,Kantoorpark Zuid NV,Flanders,Filter coffee 1kg,35,19.50,682.50
SO-70214,2025-05-04,Kantoren Meir Plaza,Flanders,Machine rental (month),2,145.00,290.00
SO-70195,2025-05-05,Hotel Aurelia,Brussels,Espresso beans 1kg,58,24.90,1444.20
SO-70191,2025-05-06,Brasserie De Klok,Brussels,Filter coffee 1kg,43,19.50,838.50
SO-70215,2025-05-06,Kantoren Meir Plaza,Flanders,Espresso beans 1kg,17,24.90,423.30
SO-70216,2025-05-06,Kantoren Meir Plaza,Flanders,Capsules box 100,57,38.00,2166.00
SO-70181,2025-05-07,Grand Hotel Scheldezicht,Flanders,Filter coffee 1kg,6,19.50,117.00
SO-70187,2025-05-07,Hotel Ter Aa,Flanders,Espresso beans 1kg,49,24.90,1220.10
SO-70192,2025-05-07,Brasserie De Klok,Brussels,Capsules box 100,38,38.00,1444.00
SO-70198,2025-05-07,Co-work Dok,Flanders,Machine rental (month),2,145.00,290.00
SO-70204,2025-05-07,Vergaderzalen Linde,Brussels,Filter coffee 1kg,12,19.50,234.00
SO-70205,2025-05-07,Restaurant Veldzicht,Wallonia,Machine rental (month),1,145.00,145.00
SO-70209,2025-05-07,Hôtel des Ardennes,Wallonia,Espresso beans 1kg,57,24.90,1419.30
SO-70222,2025-05-07,Hôtel Meuse Palace,Wallonia,Capsules box 100,31,38.00,1178.00
SO-70223,2025-05-07,Bureaux Namur Centre,Wallonia,Capsules box 100,58,38.00,2204.00
SO-70182,2025-05-08,Grand Hotel Scheldezicht,Flanders,Capsules box 100,13,38.00,494.00
SO-70199,2025-05-08,Bistro Oude Markt,Flanders,Filter coffee 1kg,60,19.50,1170.00
SO-70201,2025-05-09,Bistro Oude Markt,Flanders,Capsules box 100,9,38.00,342.00
SO-70196,2025-05-11,Co-work Dok,Flanders,Filter coffee 1kg,15,19.50,292.50
SO-70197,2025-05-11,Co-work Dok,Flanders,Capsules box 100,42,38.00,1596.00
SO-70221,2025-05-12,Hôtel Meuse Palace,Wallonia,Filter coffee 1kg,36,19.50,702.00
SO-70225,2025-05-12,Bureaux Namur Centre,Wallonia,Machine rental (month),4,145.00,580.00
SO-70189,2025-05-14,Hotel Ter Aa,Flanders,Filter coffee 1kg,60,19.50,1170.00
SO-70220,2025-05-14,Hôtel Meuse Palace,Wallonia,Espresso beans 1kg,33,24.90,821.70
SO-70224,2025-05-14,Bureaux Namur Centre,Wallonia,Espresso beans 1kg,15,24.90,373.50
SO-70188,2025-05-17,Hotel Ter Aa,Flanders,Capsules box 100,48,38.00,1824.00
SO-70190,2025-05-17,Brasserie De Klok,Brussels,Espresso beans 1kg,56,24.90,1394.40
SO-70193,2025-05-18,Hotel Aurelia,Brussels,Filter coffee 1kg,58,19.50,1131.00
SO-70202,2025-05-18,Vergaderzalen Linde,Brussels,Machine rental (month),4,145.00,580.00
SO-70194,2025-05-19,Hotel Aurelia,Brussels,Capsules box 100,43,38.00,1634.00
SO-70213,2025-05-19,Café Noord BV,Flanders,Capsules box 100,36,38.00,1368.00
SO-70184,2025-05-20,Kantoorpark Zuid NV,Flanders,Capsules box 100,19,38.00,722.00
SO-70212,2025-05-20,Café Noord BV,Flanders,Espresso beans 1kg,39,24.90,971.10
SO-70183,2025-05-22,Grand Hotel Scheldezicht,Flanders,Espresso beans 1kg,4,24.90,99.60
SO-70206,2025-05-22,Restaurant Veldzicht,Wallonia,Capsules box 100,40,38.00,1520.00
SO-70208,2025-05-22,Hôtel des Ardennes,Wallonia,Capsules box 100,36,38.00,1368.00
SO-70218,2025-05-22,Brasserie Sablon,Brussels,Machine rental (month),2,145.00,290.00
SO-70203,2025-05-23,Vergaderzalen Linde,Brussels,Espresso beans 1kg,54,24.90,1344.60
SO-70186,2025-05-24,Kantoorpark Zuid NV,Flanders,Machine rental (month),4,145.00,580.00
SO-70200,2025-05-24,Bistro Oude Markt,Flanders,Espresso beans 1kg,12,24.90,298.80
SO-70211,2025-05-25,Café Noord BV,Flanders,Machine rental (month),1,145.00,145.00
SO-70207,2025-05-27,Restaurant Veldzicht,Wallonia,Espresso beans 1kg,26,24.90,647.40
SO-70228,2025-06-01,Grand Hotel Scheldezicht,Flanders,Espresso beans 1kg,54,24.90,1344.60
SO-70239,2025-06-01,Hotel Aurelia,Brussels,Espresso beans 1kg,10,24.90,249.00
SO-70251,2025-06-01,Restaurant Veldzicht,Wallonia,Filter coffee 1kg,28,19.50,546.00
SO-70266,2025-06-02,Hôtel Meuse Palace,Wallonia,Espresso beans 1kg,41,24.90,1020.90
SO-70268,2025-06-02,Bureaux Namur Centre,Wallonia,Machine rental (month),4,145.00,580.00
SO-70270,2025-06-03,Bureaux Namur Centre,Wallonia,Filter coffee 1kg,24,19.50,468.00
SO-70226,2025-06-06,Grand Hotel Scheldezicht,Flanders,Capsules box 100,42,38.00,1596.00
SO-70233,2025-06-06,Hotel Ter Aa,Flanders,Filter coffee 1kg,53,19.50,1033.50
SO-70258,2025-06-06,Café Noord BV,Flanders,Espresso beans 1kg,34,24.90,846.60
SO-70242,2025-06-07,Co-work Dok,Flanders,Machine rental (month),3,145.00,435.00
SO-70265,2025-06-08,Hôtel Meuse Palace,Wallonia,Capsules box 100,53,38.00,2014.00
SO-70249,2025-06-09,Vergaderzalen Linde,Brussels,Machine rental (month),2,145.00,290.00
SO-70252,2025-06-09,Restaurant Veldzicht,Wallonia,Espresso beans 1kg,10,24.90,249.00
SO-70241,2025-06-10,Co-work Dok,Flanders,Espresso beans 1kg,46,24.90,1145.40
SO-70260,2025-06-10,Kantoren Meir Plaza,Flanders,Capsules box 100,30,38.00,1140.00
SO-70231,2025-06-11,Kantoorpark Zuid NV,Flanders,Filter coffee 1kg,41,19.50,799.50
SO-70234,2025-06-13,Hotel Ter Aa,Flanders,Espresso beans 1kg,56,24.90,1394.40
SO-70236,2025-06-13,Brasserie De Klok,Brussels,Machine rental (month),2,145.00,290.00
SO-70243,2025-06-13,Co-work Dok,Flanders,Filter coffee 1kg,46,19.50,897.00
SO-70256,2025-06-13,Café Noord BV,Flanders,Machine rental (month),1,145.00,145.00
SO-70257,2025-06-13,Café Noord BV,Flanders,Capsules box 100,14,38.00,532.00
SO-70261,2025-06-13,Kantoren Meir Plaza,Flanders,Espresso beans 1kg,37,24.90,921.30
SO-70235,2025-06-14,Brasserie De Klok,Brussels,Filter coffee 1kg,53,19.50,1033.50
SO-70254,2025-06-14,Hôtel des Ardennes,Wallonia,Filter coffee 1kg,36,19.50,702.00
SO-70267,2025-06-14,Hôtel Meuse Palace,Wallonia,Machine rental (month),2,145.00,290.00
SO-70238,2025-06-16,Hotel Aurelia,Brussels,Filter coffee 1kg,23,19.50,448.50
SO-70259,2025-06-16,Kantoren Meir Plaza,Flanders,Machine rental (month),4,145.00,580.00
SO-70227,2025-06-17,Grand Hotel Scheldezicht,Flanders,Filter coffee 1kg,10,19.50,195.00
SO-70230,2025-06-17,Kantoorpark Zuid NV,Flanders,Espresso beans 1kg,16,24.90,398.40
SO-70244,2025-06-17,Bistro Oude Markt,Flanders,Filter coffee 1kg,28,19.50,546.00
SO-70253,2025-06-18,Hôtel des Ardennes,Wallonia,Capsules box 100,39,38.00,1482.00
SO-70263,2025-06-18,Brasserie Sablon,Brussels,Filter coffee 1kg,21,19.50,409.50
SO-70229,2025-06-20,Kantoorpark Zuid NV,Flanders,Capsules box 100,40,38.00,1520.00
SO-70247,2025-06-20,Vergaderzalen Linde,Brussels,Espresso beans 1kg,11,24.90,273.90
SO-70240,2025-06-21,Hotel Aurelia,Brussels,Machine rental (month),3,145.00,435.00
SO-70245,2025-06-21,Bistro Oude Markt,Flanders,Capsules box 100,35,38.00,1330.00
SO-70250,2025-06-21,Restaurant Veldzicht,Wallonia,Machine rental (month),2,145.00,290.00
SO-70255,2025-06-21,Hôtel des Ardennes,Wallonia,Machine rental (month),1,145.00,145.00
SO-70262,2025-06-21,Brasserie Sablon,Brussels,Capsules box 100,34,38.00,1292.00
SO-70264,2025-06-22,Brasserie Sablon,Brussels,Machine rental (month),3,145.00,435.00
SO-70246,2025-06-23,Bistro Oude Markt,Flanders,Espresso beans 1kg,17,24.90,423.30
SO-70232,2025-06-24,Hotel Ter Aa,Flanders,Capsules box 100,51,38.00,1938.00
SO-70237,2025-06-24,Brasserie De Klok,Brussels,Capsules box 100,17,38.00,646.00
SO-70248,2025-06-24,Vergaderzalen Linde,Brussels,Filter coffee 1kg,10,19.50,195.00
SO-70269,2025-06-24,Bureaux Namur Centre,Wallonia,Espresso beans 1kg,41,24.90,1020.90
SO-70314,2025-07-01,Bureaux Namur Centre,Wallonia,Capsules box 100,53,38.00,2014.00
SO-70272,2025-07-02,Grand Hotel Scheldezicht,Flanders,Machine rental (month),2,145.00,290.00
SO-70274,2025-07-02,Kantoorpark Zuid NV,Flanders,Machine rental (month),1,145.00,145.00
SO-70273,2025-07-04,Grand Hotel Scheldezicht,Flanders,Capsules box 100,37,38.00,1406.00
SO-70276,2025-07-04,Kantoorpark Zuid NV,Flanders,Capsules box 100,33,38.00,1254.00
SO-70294,2025-07-04,Vergaderzalen Linde,Brussels,Filter coffee 1kg,6,19.50,117.00
SO-70277,2025-07-05,Hotel Ter Aa,Flanders,Filter coffee 1kg,37,19.50,721.50
SO-70279,2025-07-05,Hotel Ter Aa,Flanders,Machine rental (month),4,145.00,580.00
SO-70290,2025-07-07,Bistro Oude Markt,Flanders,Espresso beans 1kg,45,24.90,1120.50
SO-70299,2025-07-07,Hôtel des Ardennes,Wallonia,Capsules box 100,26,38.00,988.00
SO-70304,2025-07-09,Kantoren Meir Plaza,Flanders,Filter coffee 1kg,51,19.50,994.50
SO-70315,2025-07-10,Bureaux Namur Centre,Wallonia,Filter coffee 1kg,8,19.50,156.00
SO-70300,2025-07-11,Hôtel des Ardennes,Wallonia,Machine rental (month),3,145.00,435.00
SO-70310,2025-07-11,Hôtel Meuse Palace,Wallonia,Capsules box 100,33,38.00,1254.00
SO-70278,2025-07-12,Hotel Ter Aa,Flanders,Espresso beans 1kg,11,24.90,273.90
SO-70280,2025-07-12,Brasserie De Klok,Brussels,Machine rental (month),4,145.00,580.00
SO-70306,2025-07-12,Kantoren Meir Plaza,Flanders,Capsules box 100,13,38.00,494.00
SO-70275,2025-07-14,Kantoorpark Zuid NV,Flanders,Espresso beans 1kg,43,24.90,1070.70
SO-70292,2025-07-14,Vergaderzalen Linde,Brussels,Espresso beans 1kg,20,24.90,498.00
SO-70309,2025-07-14,Brasserie Sablon,Brussels,Machine rental (month),2,145.00,290.00
SO-70312,2025-07-14,Hôtel Meuse Palace,Wallonia,Espresso beans 1kg,9,24.90,224.10
SO-70302,2025-07-15,Café Noord BV,Flanders,Capsules box 100,11,38.00,418.00
SO-70283,2025-07-16,Hotel Aurelia,Brussels,Filter coffee 1kg,19,19.50,370.50
SO-70298,2025-07-16,Hôtel des Ardennes,Wallonia,Filter coffee 1kg,34,19.50,663.00
SO-70284,2025-07-17,Hotel Aurelia,Brussels,Machine rental (month),1,145.00,145.00
SO-70289,2025-07-17,Bistro Oude Markt,Flanders,Capsules box 100,19,38.00,722.00
SO-70297,2025-07-18,Restaurant Veldzicht,Wallonia,Machine rental (month),2,145.00,290.00
SO-70307,2025-07-18,Brasserie Sablon,Brussels,Filter coffee 1kg,22,19.50,429.00
SO-70311,2025-07-18,Hôtel Meuse Palace,Wallonia,Machine rental (month),1,145.00,145.00
SO-70287,2025-07-19,Co-work Dok,Flanders,Filter coffee 1kg,50,19.50,975.00
SO-70293,2025-07-20,Vergaderzalen Linde,Brussels,Machine rental (month),1,145.00,145.00
SO-70288,2025-07-21,Co-work Dok,Flanders,Machine rental (month),2,145.00,290.00
SO-70291,2025-07-21,Bistro Oude Markt,Flanders,Machine rental (month),1,145.00,145.00
SO-70286,2025-07-22,Co-work Dok,Flanders,Capsules box 100,43,38.00,1634.00
SO-70296,2025-07-22,Restaurant Veldzicht,Wallonia,Capsules box 100,9,38.00,342.00
SO-70281,2025-07-24,Brasserie De Klok,Brussels,Filter coffee 1kg,53,19.50,1033.50
SO-70308,2025-07-24,Brasserie Sablon,Brussels,Capsules box 100,52,38.00,1976.00
SO-70271,2025-07-25,Grand Hotel Scheldezicht,Flanders,Filter coffee 1kg,20,19.50,390.00
SO-70295,2025-07-25,Restaurant Veldzicht,Wallonia,Filter coffee 1kg,8,19.50,156.00
SO-70285,2025-07-26,Hotel Aurelia,Brussels,Espresso beans 1kg,23,24.90,572.70
SO-70301,2025-07-26,Café Noord BV,Flanders,Machine rental (month),1,145.00,145.00
SO-70305,2025-07-26,Kantoren Meir Plaza,Flanders,Machine rental (month),4,145.00,580.00
SO-70282,2025-07-27,Brasserie De Klok,Brussels,Capsules box 100,37,38.00,1406.00
SO-70303,2025-07-27,Café Noord BV,Flanders,Espresso beans 1kg,55,24.90,1369.50
SO-70313,2025-07-27,Bureaux Namur Centre,Wallonia,Machine rental (month),3,145.00,435.00
SO-70334,2025-08-01,Bistro Oude Markt,Flanders,Espresso beans 1kg,55,24.90,1369.50
SO-70355,2025-08-01,Hôtel Meuse Palace,Wallonia,Espresso beans 1kg,49,24.90,1220.10
SO-70351,2025-08-02,Kantoren Meir Plaza,Flanders,Capsules box 100,43,38.00,1634.00
SO-70327,2025-08-03,Brasserie De Klok,Brussels,Machine rental (month),2,145.00,290.00
SO-70339,2025-08-03,Vergaderzalen Linde,Brussels,Machine rental (month),4,145.00,580.00
SO-70340,2025-08-03,Restaurant Veldzicht,Wallonia,Capsules box 100,25,38.00,950.00
SO-70356,2025-08-04,Hôtel Meuse Palace,Wallonia,Capsules box 100,55,38.00,2090.00
SO-70332,2025-08-05,Co-work Dok,Flanders,Capsules box 100,38,38.00,1444.00
SO-70333,2025-08-06,Co-work Dok,Flanders,Machine rental (month),2,145.00,290.00
SO-70359,2025-08-06,Bureaux Namur Centre,Wallonia,Espresso beans 1kg,47,24.90,1170.30
SO-70360,2025-08-07,Bureaux Namur Centre,Wallonia,Capsules box 100,24,38.00,912.00
SO-70344,2025-08-08,Hôtel des Ardennes,Wallonia,Machine rental (month),4,145.00,580.00
SO-70345,2025-08-08,Hôtel des Ardennes,Wallonia,Capsules box 100,49,38.00,1862.00
SO-70323,2025-08-09,Hotel Ter Aa,Flanders,Filter coffee 1kg,47,19.50,916.50
SO-70316,2025-08-10,Grand Hotel Scheldezicht,Flanders,Filter coffee 1kg,48,19.50,936.00
SO-70342,2025-08-11,Restaurant Veldzicht,Wallonia,Espresso beans 1kg,10,24.90,249.00
SO-70347,2025-08-11,Café Noord BV,Flanders,Capsules box 100,26,38.00,988.00
SO-70348,2025-08-11,Café Noord BV,Flanders,Filter coffee 1kg,55,19.50,1072.50
SO-70319,2025-08-12,Kantoorpark Zuid NV,Flanders,Capsules box 100,18,38.00,684.00
SO-70321,2025-08-12,Kantoorpark Zuid NV,Flanders,Espresso beans 1kg,24,24.90,597.60
SO-70325,2025-08-13,Brasserie De Klok,Brussels,Capsules box 100,18,38.00,684.00
SO-70331,2025-08-13,Co-work Dok,Flanders,Filter coffee 1kg,55,19.50,1072.50
SO-70346,2025-08-13,Café Noord BV,Flanders,Machine rental (month),4,145.00,580.00
SO-70358,2025-08-13,Bureaux Namur Centre,Wallonia,Filter coffee 1kg,44,19.50,858.00
SO-70357,2025-08-14,Hôtel Meuse Palace,Wallonia,Filter coffee 1kg,30,19.50,585.00
SO-70354,2025-08-15,Brasserie Sablon,Brussels,Filter coffee 1kg,9,19.50,175.50
SO-70324,2025-08-17,Hotel Ter Aa,Flanders,Capsules box 100,32,38.00,1216.00
SO-70326,2025-08-17,Brasserie De Klok,Brussels,Filter coffee 1kg,50,19.50,975.00
SO-70335,2025-08-17,Bistro Oude Markt,Flanders,Filter coffee 1kg,18,19.50,351.00
SO-70336,2025-08-18,Bistro Oude Markt,Flanders,Capsules box 100,7,38.00,266.00
SO-70329,2025-08-19,Hotel Aurelia,Brussels,Filter coffee 1kg,29,19.50,565.50
SO-70322,2025-08-20,Hotel Ter Aa,Flanders,Espresso beans 1kg,40,24.90,996.00
SO-70337,2025-08-21,Vergaderzalen Linde,Brussels,Filter coffee 1kg,5,19.50,97.50
SO-70328,2025-08-22,Hotel Aurelia,Brussels,Capsules box 100,27,38.00,1026.00
SO-70318,2025-08-23,Grand Hotel Scheldezicht,Flanders,Espresso beans 1kg,52,24.90,1294.80
SO-70350,2025-08-23,Kantoren Meir Plaza,Flanders,Machine rental (month),1,145.00,145.00
SO-70317,2025-08-24,Grand Hotel Scheldezicht,Flanders,Capsules box 100,35,38.00,1330.00
SO-70320,2025-08-24,Kantoorpark Zuid NV,Flanders,Filter coffee 1kg,46,19.50,897.00
SO-70341,2025-08-24,Restaurant Veldzicht,Wallonia,Machine rental (month),3,145.00,435.00
SO-70343,2025-08-24,Hôtel des Ardennes,Wallonia,Espresso beans 1kg,10,24.90,249.00
SO-70330,2025-08-26,Hotel Aurelia,Brussels,Espresso beans 1kg,28,24.90,697.20
SO-70338,2025-08-26,Vergaderzalen Linde,Brussels,Capsules box 100,57,38.00,2166.00
SO-70349,2025-08-26,Kantoren Meir Plaza,Flanders,Filter coffee 1kg,38,19.50,741.00
SO-70352,2025-08-26,Brasserie Sablon,Brussels,Machine rental (month),1,145.00,145.00
SO-70353,2025-08-27,Brasserie Sablon,Brussels,Capsules box 100,28,38.00,1064.00
SO-70366,2025-09-01,Kantoorpark Zuid NV,Flanders,Espresso beans 1kg,33,24.90,821.70
SO-70380,2025-09-01,Bistro Oude Markt,Flanders,Machine rental (month),2,145.00,290.00
SO-70389,2025-09-01,Hôtel des Ardennes,Wallonia,Machine rental (month),2,145.00,290.00
SO-70361,2025-09-02,Grand Hotel Scheldezicht,Flanders,Machine rental (month),3,145.00,435.00
SO-70379,2025-09-02,Bistro Oude Markt,Flanders,Filter coffee 1kg,54,19.50,1053.00
SO-70398,2025-09-03,Brasserie Sablon,Brussels,Espresso beans 1kg,47,24.90,1170.30
SO-70405,2025-09-03,Bureaux Namur Centre,Wallonia,Espresso beans 1kg,49,24.90,1220.10
SO-70363,2025-09-04,Grand Hotel Scheldezicht,Flanders,Capsules box 100,50,38.00,1900.00
SO-70393,2025-09-04,Café Noord BV,Flanders,Capsules box 100,37,38.00,1406.00
SO-70364,2025-09-06,Kantoorpark Zuid NV,Flanders,Capsules box 100,53,38.00,2014.00
SO-70367,2025-09-07,Hotel Ter Aa,Flanders,Machine rental (month),1,145.00,145.00
SO-70378,2025-09-07,Co-work Dok,Flanders,Espresso beans 1kg,7,24.90,174.30
SO-70397,2025-09-07,Brasserie Sablon,Brussels,Capsules box 100,30,38.00,1140.00
SO-70399,2025-09-07,Brasserie Sablon,Brussels,Machine rental (month),4,145.00,580.00
SO-70372,2025-09-09,Brasserie De Klok,Brussels,Machine rental (month),2,145.00,290.00
SO-70391,2025-09-09,Café Noord BV,Flanders,Filter coffee 1kg,26,19.50,507.00
SO-70362,2025-09-10,Grand Hotel Scheldezicht,Flanders,Filter coffee 1kg,34,19.50,663.00
SO-70403,2025-09-10,Bureaux Namur Centre,Wallonia,Capsules box 100,39,38.00,1482.00
SO-70402,2025-09-11,Hôtel Meuse Palace,Wallonia,Filter coffee 1kg,23,19.50,448.50
SO-70368,2025-09-12,Hotel Ter Aa,Flanders,Espresso beans 1kg,15,24.90,373.50
SO-70375,2025-09-13,Hotel Aurelia,Brussels,Filter coffee 1kg,60,19.50,1170.00
SO-70377,2025-09-13,Co-work Dok,Flanders,Machine rental (month),2,145.00,290.00
SO-70382,2025-09-14,Vergaderzalen Linde,Brussels,Capsules box 100,49,38.00,1862.00
SO-70384,2025-09-14,Vergaderzalen Linde,Brussels,Espresso beans 1kg,14,24.90,348.60
SO-70371,2025-09-15,Brasserie De Klok,Brussels,Capsules box 100,18,38.00,684.00
SO-70374,2025-09-16,Hotel Aurelia,Brussels,Espresso beans 1kg,20,24.90,498.00
SO-70381,2025-09-16,Bistro Oude Markt,Flanders,Capsules box 100,59,38.00,2242.00
SO-70400,2025-09-16,Hôtel Meuse Palace,Wallonia,Espresso beans 1kg,37,24.90,921.30
SO-70370,2025-09-17,Brasserie De Klok,Brussels,Filter coffee 1kg,42,19.50,819.00
SO-70396,2025-09-17,Kantoren Meir Plaza,Flanders,Filter coffee 1kg,58,19.50,1131.00
SO-70395,2025-09-18,Kantoren Meir Plaza,Flanders,Capsules box 100,41,38.00,1558.00
SO-70369,2025-09-19,Hotel Ter Aa,Flanders,Filter coffee 1kg,17,19.50,331.50
SO-70388,2025-09-19,Hôtel des Ardennes,Wallonia,Capsules box 100,13,38.00,494.00
SO-70387,2025-09-20,Restaurant Veldzicht,Wallonia,Espresso beans 1kg,51,24.90,1269.90
SO-70386,2025-09-21,Restaurant Veldzicht,Wallonia,Machine rental (month),2,145.00,290.00
SO-70404,2025-09-22,Bureaux Namur Centre,Wallonia,Filter coffee 1kg,33,19.50,643.50
SO-70392,2025-09-23,Café Noord BV,Flanders,Espresso beans 1kg,43,24.90,1070.70
SO-70394,2025-09-24,Kantoren Meir Plaza,Flanders,Machine rental (month),1,145.00,145.00
SO-70365,2025-09-25,Kantoorpark Zuid NV,Flanders,Machine rental (month),1,145.00,145.00
SO-70390,2025-09-27,Hôtel des Ardennes,Wallonia,Espresso beans 1kg,17,24.90,423.30
SO-70401,2025-09-27,Hôtel Meuse Palace,Wallonia,Capsules box 100,14,38.00,532.00
SO-70373,2025-09-28,Hotel Aurelia,Brussels,Machine rental (month),4,145.00,580.00
SO-70376,2025-09-28,Co-work Dok,Flanders,Capsules box 100,34,38.00,1292.00
SO-70383,2025-09-28,Vergaderzalen Linde,Brussels,Filter coffee 1kg,42,19.50,819.00
SO-70385,2025-09-28,Restaurant Veldzicht,Wallonia,Filter coffee 1kg,20,19.50,390.00
SO-70427,2025-10-02,Vergaderzalen Linde,Brussels,Filter coffee 1kg,29,19.50,565.50
SO-70420,2025-10-04,Hotel Aurelia,Brussels,Espresso beans 1kg,50,24.90,1245.00
SO-70425,2025-10-05,Bistro Oude Markt,Flanders,Espresso beans 1kg,10,24.90,249.00
SO-70433,2025-10-05,Hôtel des Ardennes,Wallonia,Espresso beans 1kg,36,24.90,896.40
SO-70435,2025-10-05,Hôtel des Ardennes,Wallonia,Capsules box 100,53,38.00,2014.00
SO-70430,2025-10-06,Restaurant Veldzicht,Wallonia,Espresso beans 1kg,6,24.90,149.40
SO-70418,2025-10-07,Hotel Aurelia,Brussels,Capsules box 100,20,38.00,760.00
SO-70434,2025-10-07,Hôtel des Ardennes,Wallonia,Filter coffee 1kg,45,19.50,877.50
SO-70417,2025-10-10,Brasserie De Klok,Brussels,Espresso beans 1kg,51,24.90,1269.90
SO-70446,2025-10-10,Hôtel Meuse Palace,Wallonia,Capsules box 100,38,38.00,1444.00
SO-70439,2025-10-11,Kantoren Meir Plaza,Flanders,Capsules box 100,20,38.00,760.00
SO-70440,2025-10-11,Kantoren Meir Plaza,Flanders,Espresso beans 1kg,16,24.90,398.40
SO-70447,2025-10-12,Hôtel Meuse Palace,Wallonia,Machine rental (month),2,145.00,290.00
SO-70419,2025-10-13,Hotel Aurelia,Brussels,Filter coffee 1kg,16,19.50,312.00
SO-70431,2025-10-14,Restaurant Veldzicht,Wallonia,Machine rental (month),1,145.00,145.00
SO-70423,2025-10-15,Co-work Dok,Flanders,Machine rental (month),3,145.00,435.00
SO-70428,2025-10-15,Vergaderzalen Linde,Brussels,Espresso beans 1kg,57,24.90,1419.30
SO-70411,2025-10-16,Kantoorpark Zuid NV,Flanders,Filter coffee 1kg,49,19.50,955.50
SO-70421,2025-10-16,Co-work Dok,Flanders,Capsules box 100,40,38.00,1520.00
SO-70442,2025-10-17,Brasserie Sablon,Brussels,Machine rental (month),2,145.00,290.00
SO-70416,2025-10-18,Brasserie De Klok,Brussels,Capsules box 100,28,38.00,1064.00
SO-70450,2025-10-19,Bureaux Namur Centre,Wallonia,Espresso beans 1kg,16,24.90,398.40
SO-70424,2025-10-20,Bistro Oude Markt,Flanders,Machine rental (month),2,145.00,290.00
SO-70436,2025-10-20,Café Noord BV,Flanders,Machine rental (month),4,145.00,580.00
SO-70438,2025-10-20,Café Noord BV,Flanders,Capsules box 100,29,38.00,1102.00
SO-70415,2025-10-21,Brasserie De Klok,Brussels,Filter coffee 1kg,22,19.50,429.00
SO-70422,2025-10-21,Co-work Dok,Flanders,Filter coffee 1kg,50,19.50,975.00
SO-70426,2025-10-21,Bistro Oude Markt,Flanders,Capsules box 100,47,38.00,1786.00
SO-70441,2025-10-21,Kantoren Meir Plaza,Flanders,Machine rental (month),3,145.00,435.00
SO-70406,2025-10-22,Grand Hotel Scheldezicht,Flanders,Capsules box 100,10,38.00,380.00
SO-70407,2025-10-22,Grand Hotel Scheldezicht,Flanders,Espresso beans 1kg,29,24.90,722.10
SO-70410,2025-10-23,Kantoorpark Zuid NV,Flanders,Capsules box 100,28,38.00,1064.00
SO-70429,2025-10-23,Vergaderzalen Linde,Brussels,Capsules box 100,41,38.00,1558.00
SO-70448,2025-10-23,Bureaux Namur Centre,Wallonia,Filter coffee 1kg,37,19.50,721.50
SO-70408,2025-10-24,Grand Hotel Scheldezicht,Flanders,Machine rental (month),4,145.00,580.00
SO-70437,2025-10-24,Café Noord BV,Flanders,Filter coffee 1kg,4,19.50,78.00
SO-70412,2025-10-25,Hotel Ter Aa,Flanders,Filter coffee 1kg,33,19.50,643.50
SO-70432,2025-10-25,Restaurant Veldzicht,Wallonia,Capsules box 100,30,38.00,1140.00
SO-70445,2025-10-25,Hôtel Meuse Palace,Wallonia,Espresso beans 1kg,20,24.90,498.00
SO-70414,2025-10-26,Hotel Ter Aa,Flanders,Espresso beans 1kg,58,24.90,1444.20
SO-70443,2025-10-26,Brasserie Sablon,Brussels,Espresso beans 1kg,25,24.90,622.50
SO-70444,2025-10-27,Brasserie Sablon,Brussels,Filter coffee 1kg,22,19.50,429.00
SO-70449,2025-10-27,Bureaux Namur Centre,Wallonia,Capsules box 100,49,38.00,1862.00
SO-70409,2025-10-28,Kantoorpark Zuid NV,Flanders,Espresso beans 1kg,4,24.90,99.60
SO-70413,2025-10-28,Hotel Ter Aa,Flanders,Machine rental (month),1,145.00,145.00
SO-70451,2025-11-03,Grand Hotel Scheldezicht,Flanders,Espresso beans 1kg,53,24.90,1319.70
SO-70454,2025-11-03,Kantoorpark Zuid NV,Flanders,Machine rental (month),3,145.00,435.00
SO-70483,2025-11-04,Café Noord BV,Flanders,Machine rental (month),4,145.00,580.00
SO-70490,2025-11-04,Hôtel Meuse Palace,Wallonia,Capsules box 100,19,38.00,722.00
SO-70460,2025-11-05,Brasserie De Klok,Brussels,Capsules box 100,42,38.00,1596.00
SO-70471,2025-11-05,Bistro Oude Markt,Flanders,Espresso beans 1kg,6,24.90,149.40
SO-70473,2025-11-05,Vergaderzalen Linde,Brussels,Espresso beans 1kg,37,24.90,921.30
SO-70476,2025-11-05,Restaurant Veldzicht,Wallonia,Espresso beans 1kg,54,24.90,1344.60
SO-70463,2025-11-06,Hotel Aurelia,Brussels,Capsules box 100,57,38.00,2166.00
SO-70466,2025-11-06,Co-work Dok,Flanders,Espresso beans 1kg,29,24.90,722.10
SO-70469,2025-11-07,Bistro Oude Markt,Flanders,Machine rental (month),2,145.00,290.00
SO-70452,2025-11-08,Grand Hotel Scheldezicht,Flanders,Capsules box 100,12,38.00,456.00
SO-70474,2025-11-08,Vergaderzalen Linde,Brussels,Filter coffee 1kg,20,19.50,390.00
SO-70491,2025-11-08,Hôtel Meuse Palace,Wallonia,Machine rental (month),4,145.00,580.00
SO-70462,2025-11-10,Brasserie De Klok,Brussels,Filter coffee 1kg,4,19.50,78.00
SO-70468,2025-11-10,Co-work Dok,Flanders,Machine rental (month),2,145.00,290.00
SO-70472,2025-11-11,Vergaderzalen Linde,Brussels,Machine rental (month),2,145.00,290.00
SO-70486,2025-11-11,Kantoren Meir Plaza,Flanders,Filter coffee 1kg,5,19.50,97.50
SO-70488,2025-11-11,Brasserie Sablon,Brussels,Filter coffee 1kg,42,19.50,819.00
SO-70455,2025-11-12,Kantoorpark Zuid NV,Flanders,Capsules box 100,59,38.00,2242.00
SO-70487,2025-11-13,Brasserie Sablon,Brussels,Espresso beans 1kg,50,24.90,1245.00
SO-70480,2025-11-14,Hôtel des Ardennes,Wallonia,Capsules box 100,52,38.00,1976.00
SO-70482,2025-11-14,Café Noord BV,Flanders,Filter coffee 1kg,48,19.50,936.00
SO-70485,2025-11-14,Kantoren Meir Plaza,Flanders,Capsules box 100,31,38.00,1178.00
SO-70456,2025-11-15,Kantoorpark Zuid NV,Flanders,Filter coffee 1kg,21,19.50,409.50
SO-70470,2025-11-15,Bistro Oude Markt,Flanders,Capsules box 100,30,38.00,1140.00
SO-70477,2025-11-16,Restaurant Veldzicht,Wallonia,Machine rental (month),4,145.00,580.00
SO-70484,2025-11-17,Kantoren Meir Plaza,Flanders,Espresso beans 1kg,37,24.90,921.30
SO-70493,2025-11-17,Bureaux Namur Centre,Wallonia,Machine rental (month),1,145.00,145.00
SO-70458,2025-11-18,Hotel Ter Aa,Flanders,Filter coffee 1kg,38,19.50,741.00
SO-70459,2025-11-18,Hotel Ter Aa,Flanders,Machine rental (month),1,145.00,145.00
SO-70494,2025-11-18,Bureaux Namur Centre,Wallonia,Espresso beans 1kg,19,24.90,473.10
SO-70453,2025-11-19,Grand Hotel Scheldezicht,Flanders,Machine rental (month),4,145.00,580.00
SO-70457,2025-11-19,Hotel Ter Aa,Flanders,Espresso beans 1kg,19,24.90,473.10
SO-70479,2025-11-19,Hôtel des Ardennes,Wallonia,Filter coffee 1kg,48,19.50,936.00
SO-70464,2025-11-20,Hotel Aurelia,Brussels,Espresso beans 1kg,15,24.90,373.50
SO-70478,2025-11-20,Hôtel des Ardennes,Wallonia,Espresso beans 1kg,30,24.90,747.00
SO-70467,2025-11-22,Co-work Dok,Flanders,Filter coffee 1kg,54,19.50,1053.00
SO-70475,2025-11-22,Restaurant Veldzicht,Wallonia,Capsules box 100,50,38.00,1900.00
SO-70495,2025-11-22,Bureaux Namur Centre,Wallonia,Filter coffee 1kg,23,19.50,448.50
SO-70465,2025-11-26,Hotel Aurelia,Brussels,Filter coffee 1kg,39,19.50,760.50
SO-70489,2025-11-26,Brasserie Sablon,Brussels,Capsules box 100,52,38.00,1976.00
SO-70461,2025-11-27,Brasserie De Klok,Brussels,Espresso beans 1kg,11,24.90,273.90
SO-70481,2025-11-28,Café Noord BV,Flanders,Capsules box 100,57,38.00,2166.00
SO-70492,2025-11-28,Hôtel Meuse Palace,Wallonia,Espresso beans 1kg,36,24.90,896.40
SO-70503,2025-12-01,Hotel Ter Aa,Flanders,Espresso beans 1kg,23,24.90,572.70
SO-70534,2025-12-01,Brasserie Sablon,Brussels,Machine rental (month),1,145.00,145.00
SO-70539,2025-12-01,Bureaux Namur Centre,Wallonia,Espresso beans 1kg,39,24.90,971.10
SO-70522,2025-12-03,Restaurant Veldzicht,Wallonia,Espresso beans 1kg,30,24.90,747.00
SO-70499,2025-12-04,Kantoorpark Zuid NV,Flanders,Filter coffee 1kg,40,19.50,780.00
SO-70500,2025-12-04,Kantoorpark Zuid NV,Flanders,Espresso beans 1kg,8,24.90,199.20
SO-70501,2025-12-04,Kantoorpark Zuid NV,Flanders,Machine rental (month),2,145.00,290.00
SO-70517,2025-12-04,Vergaderzalen Linde,Brussels,Filter coffee 1kg,45,19.50,877.50
SO-70506,2025-12-05,Brasserie De Klok,Brussels,Filter coffee 1kg,29,19.50,565.50
SO-70530,2025-12-05,Kantoren Meir Plaza,Flanders,Machine rental (month),3,145.00,435.00
SO-70504,2025-12-06,Hotel Ter Aa,Flanders,Filter coffee 1kg,24,19.50,468.00
SO-70525,2025-12-06,Hôtel des Ardennes,Wallonia,Machine rental (month),3,145.00,435.00
SO-70536,2025-12-06,Hôtel Meuse Palace,Wallonia,Machine rental (month),1,145.00,145.00
SO-70512,2025-12-07,Co-work Dok,Flanders,Machine rental (month),1,145.00,145.00
SO-70516,2025-12-07,Bistro Oude Markt,Flanders,Espresso beans 1kg,39,24.90,971.10
SO-70524,2025-12-07,Hôtel des Ardennes,Wallonia,Espresso beans 1kg,48,24.90,1195.20
SO-70529,2025-12-08,Kantoren Meir Plaza,Flanders,Filter coffee 1kg,46,19.50,897.00
SO-70526,2025-12-09,Café Noord BV,Flanders,Filter coffee 1kg,54,19.50,1053.00
SO-70509,2025-12-10,Hotel Aurelia,Brussels,Espresso beans 1kg,24,24.90,597.60
SO-70511,2025-12-10,Co-work Dok,Flanders,Filter coffee 1kg,16,19.50,312.00
SO-70519,2025-12-11,Vergaderzalen Linde,Brussels,Capsules box 100,56,38.00,2128.00
SO-70497,2025-12-14,Grand Hotel Scheldezicht,Flanders,Espresso beans 1kg,38,24.90,946.20
SO-70508,2025-12-15,Hotel Aurelia,Brussels,Filter coffee 1kg,5,19.50,97.50
SO-70521,2025-12-15,Restaurant Veldzicht,Wallonia,Filter coffee 1kg,53,19.50,1033.50
SO-70510,2025-12-16,Hotel Aurelia,Brussels,Machine rental (month),3,145.00,435.00
SO-70505,2025-12-17,Brasserie De Klok,Brussels,Espresso beans 1kg,56,24.90,1394.40
SO-70532,2025-12-17,Brasserie Sablon,Brussels,Espresso beans 1kg,32,24.90,796.80
SO-70533,2025-12-17,Brasserie Sablon,Brussels,Filter coffee 1kg,8,19.50,156.00
SO-70528,2025-12-19,Café Noord BV,Flanders,Machine rental (month),1,145.00,145.00
SO-70514,2025-12-21,Bistro Oude Markt,Flanders,Capsules box 100,15,38.00,570.00
SO-70531,2025-12-22,Kantoren Meir Plaza,Flanders,Espresso beans 1kg,44,24.90,1095.60
SO-70507,2025-12-23,Brasserie De Klok,Brussels,Capsules box 100,26,38.00,988.00
SO-70515,2025-12-23,Bistro Oude Markt,Flanders,Filter coffee 1kg,60,19.50,1170.00
SO-70520,2025-12-23,Restaurant Veldzicht,Wallonia,Capsules box 100,25,38.00,950.00
SO-70523,2025-12-23,Hôtel des Ardennes,Wallonia,Filter coffee 1kg,11,19.50,214.50
SO-70502,2025-12-24,Hotel Ter Aa,Flanders,Machine rental (month),2,145.00,290.00
SO-70518,2025-12-24,Vergaderzalen Linde,Brussels,Espresso beans 1kg,23,24.90,572.70
SO-70538,2025-12-24,Bureaux Namur Centre,Wallonia,Filter coffee 1kg,21,19.50,409.50
SO-70537,2025-12-25,Hôtel Meuse Palace,Wallonia,Filter coffee 1kg,22,19.50,429.00
SO-70498,2025-12-26,Grand Hotel Scheldezicht,Flanders,Capsules box 100,40,38.00,1520.00
SO-70527,2025-12-26,Café Noord BV,Flanders,Capsules box 100,27,38.00,1026.00
SO-70535,2025-12-26,Hôtel Meuse Palace,Wallonia,Capsules box 100,31,38.00,1178.00
SO-70540,2025-12-26,Bureaux Namur Centre,Wallonia,Capsules box 100,15,38.00,570.00
SO-70513,2025-12-27,Co-work Dok,Flanders,Espresso beans 1kg,24,24.90,597.60
SO-70496,2025-12-28,Grand Hotel Scheldezicht,Flanders,Machine rental (month),3,145.00,435.00
